E,y,Images
chinese,spente,im0.jpeg
chinese,spente,im1.jpeg
chinese,spente,im10.jpeg
chinese,spente,im100.jpeg
chinese,spente,im101.jpeg
chinese,spente,im102.jpeg
chinese,spente,im103.jpeg
chinese,spente,im104.jpeg
chinese,spente,im105.jpeg
chinese,spente,im106.jpeg
chinese,spente,im107.jpeg
chinese,spente,im108.jpeg
chinese,spente,im109.jpeg
chinese,spente,im11.jpeg
chinese,spente,im110.jpeg
chinese,spente,im111.jpeg
chinese,spente,im112.jpeg
chinese,spente,im113.jpeg
chinese,spente,im114.jpeg
chinese,spente,im115.jpeg
chinese,spente,im116.jpeg
chinese,spente,im117.jpeg
chinese,spente,im118.jpeg
chinese,spente,im119.jpeg
chinese,spente,im12.jpeg
chinese,spente,im120.jpeg
chinese,spente,im121.jpeg
chinese,spente,im122.jpeg
chinese,spente,im123.jpeg
chinese,spente,im124.jpeg
chinese,spente,im125.jpeg
chinese,spente,im126.jpeg
chinese,spente,im127.jpeg
chinese,spente,im128.jpeg
chinese,spente,im129.jpeg
chinese,spente,im13.jpeg
chinese,spente,im130.jpeg
chinese,spente,im131.jpeg
chinese,spente,im132.jpeg
chinese,spente,im133.jpeg
chinese,spente,im134.jpeg
chinese,spente,im135.jpeg
chinese,spente,im136.jpeg
chinese,spente,im137.jpeg
chinese,spente,im138.jpeg
chinese,spente,im139.jpeg
chinese,spente,im14.jpeg
chinese,spente,im140.jpeg
chinese,spente,im141.jpeg
chinese,spente,im142.jpeg
chinese,spente,im143.jpeg
chinese,spente,im144.jpeg
chinese,spente,im145.jpeg
chinese,spente,im146.jpeg
chinese,spente,im147.jpeg
chinese,spente,im148.jpeg
chinese,spente,im149.jpeg
chinese,spente,im15.jpeg
chinese,spente,im150.jpeg
chinese,spente,im151.jpeg
chinese,spente,im152.jpeg
chinese,spente,im153.jpeg
chinese,spente,im154.jpeg
chinese,spente,im155.jpeg
chinese,spente,im156.jpeg
chinese,spente,im157.jpeg
chinese,spente,im158.jpeg
chinese,spente,im159.jpeg
chinese,spente,im16.jpeg
chinese,spente,im160.jpeg
chinese,spente,im161.jpeg
chinese,spente,im162.jpeg
chinese,spente,im163.jpeg
chinese,spente,im164.jpeg
chinese,spente,im165.jpeg
chinese,spente,im166.jpeg
chinese,spente,im167.jpeg
chinese,spente,im168.jpeg
chinese,spente,im169.jpeg
chinese,spente,im17.jpeg
chinese,spente,im170.jpeg
chinese,spente,im171.jpeg
chinese,spente,im172.jpeg
chinese,spente,im173.jpeg
chinese,spente,im174.jpeg
chinese,spente,im175.jpeg
chinese,spente,im176.jpeg
chinese,spente,im177.jpeg
chinese,spente,im178.jpeg
chinese,spente,im179.jpeg
chinese,spente,im18.jpeg
chinese,spente,im180.jpeg
chinese,spente,im181.jpeg
chinese,spente,im182.jpeg
chinese,spente,im183.jpeg
chinese,spente,im184.jpeg
chinese,spente,im185.jpeg
chinese,spente,im186.jpeg
chinese,spente,im187.jpeg
chinese,spente,im188.jpeg
chinese,spente,im189.jpeg
chinese,spente,im19.jpeg
chinese,spente,im190.jpeg
chinese,spente,im191.jpeg
chinese,spente,im192.jpeg
chinese,spente,im193.jpeg
chinese,spente,im194.jpeg
chinese,spente,im195.jpeg
chinese,spente,im196.jpeg
chinese,spente,im197.jpeg
chinese,spente,im198.jpeg
chinese,spente,im199.jpeg
chinese,spente,im2.jpeg
chinese,spente,im20.jpeg
chinese,spente,im200.jpeg
chinese,spente,im201.jpeg
chinese,spente,im202.jpeg
chinese,spente,im203.jpeg
chinese,spente,im204.jpeg
chinese,spente,im205.jpeg
chinese,spente,im206.jpeg
chinese,spente,im207.jpeg
chinese,spente,im208.jpeg
chinese,spente,im209.jpeg
chinese,spente,im21.jpeg
chinese,spente,im210.jpeg
chinese,spente,im211.jpeg
chinese,spente,im212.jpeg
chinese,spente,im213.jpeg
chinese,spente,im214.jpeg
chinese,spente,im215.jpeg
chinese,spente,im216.jpeg
chinese,spente,im217.jpeg
chinese,spente,im218.jpeg
chinese,spente,im219.jpeg
chinese,spente,im22.jpeg
chinese,spente,im220.jpeg
chinese,spente,im221.jpeg
chinese,spente,im222.jpeg
chinese,spente,im223.jpeg
chinese,spente,im224.jpeg
chinese,spente,im225.jpeg
chinese,spente,im226.jpeg
chinese,spente,im23.jpeg
chinese,spente,im24.jpeg
chinese,spente,im25.jpeg
chinese,spente,im26.jpeg
chinese,spente,im27.jpeg
chinese,spente,im28.jpeg
chinese,spente,im29.jpeg
chinese,spente,im3.jpeg
chinese,spente,im30.jpeg
chinese,spente,im31.jpeg
chinese,spente,im32.jpeg
chinese,spente,im33.jpeg
chinese,spente,im34.jpeg
chinese,spente,im35.jpeg
chinese,spente,im36.jpeg
chinese,spente,im37.jpeg
chinese,spente,im38.jpeg
chinese,spente,im39.jpeg
chinese,spente,im4.jpeg
chinese,spente,im40.jpeg
chinese,spente,im41.jpeg
chinese,spente,im42.jpeg
chinese,spente,im43.jpeg
chinese,spente,im44.jpeg
chinese,spente,im45.jpeg
chinese,spente,im46.jpeg
chinese,spente,im47.jpeg
chinese,spente,im48.jpeg
chinese,spente,im49.jpeg
chinese,spente,im5.jpeg
chinese,spente,im50.jpeg
chinese,spente,im51.jpeg
chinese,spente,im52.jpeg
chinese,spente,im53.jpeg
chinese,spente,im54.jpeg
chinese,spente,im55.jpeg
chinese,spente,im56.jpeg
chinese,spente,im57.jpeg
chinese,spente,im58.jpeg
chinese,spente,im59.jpeg
chinese,spente,im6.jpeg
chinese,spente,im60.jpeg
chinese,spente,im61.jpeg
chinese,spente,im62.jpeg
chinese,spente,im63.jpeg
chinese,spente,im64.jpeg
chinese,spente,im65.jpeg
chinese,spente,im66.jpeg
chinese,spente,im67.jpeg
chinese,spente,im68.jpeg
chinese,spente,im69.jpeg
chinese,spente,im7.jpeg
chinese,spente,im70.jpeg
chinese,spente,im71.jpeg
chinese,spente,im72.jpeg
chinese,spente,im73.jpeg
chinese,spente,im74.jpeg
chinese,spente,im75.jpeg
chinese,spente,im76.jpeg
chinese,spente,im77.jpeg
chinese,spente,im78.jpeg
chinese,spente,im79.jpeg
chinese,spente,im8.jpeg
chinese,spente,im80.jpeg
chinese,spente,im81.jpeg
chinese,spente,im82.jpeg
chinese,spente,im83.jpeg
chinese,spente,im84.jpeg
chinese,spente,im85.jpeg
chinese,spente,im86.jpeg
chinese,spente,im87.jpeg
chinese,spente,im88.jpeg
chinese,spente,im89.jpeg
chinese,spente,im9.jpeg
chinese,spente,im90.jpeg
chinese,spente,im91.jpeg
chinese,spente,im92.jpeg
chinese,spente,im93.jpeg
chinese,spente,im94.jpeg
chinese,spente,im95.jpeg
chinese,spente,im96.jpeg
chinese,spente,im97.jpeg
chinese,spente,im98.jpeg
chinese,spente,im99.jpeg
